ID,Name,Email,Company,City
1,Leanne Graham,Sincere@april.biz,Romaguera-Crona,Gwenborough
2,Ervin Howell,Shanna@melissa.tv,Deckow-Crist,Wisokyburgh
3,Clementine Bauch,Nathan@yesenia.net,Romaguera-Jacobson,McKenziehaven
4,Patricia Lebsack,Julianne.OConner@kory.org,Robel-Corkery,South Elvis
5,Chelsey Dietrich,Lucio_Hettinger@annie.ca,Keebler LLC,Roscoeview
6,Mrs. Dennis Schulist,Karley_Dach@jasper.info,Considine-Lockman,South Christy
7,Kurtis Weissnat,Telly.Hoeger@billy.biz,Johns Group,Howemouth
8,Nicholas Runolfsdottir V,Sherwood@rosamond.me,Abernathy Group,Aliyaview
9,Glenna Reichert,Chaim_McDermott@dana.io,Yost and Sons,Bartholomebury
10,Clementina DuBuque,Rey.Padberg@karina.biz,Hoeger LLC,Lebsackbury
